{
  "CHEOPS": {
    "nonlinear": {
      "qc": [
        -0.0355723437209407,
        0.8938024725411081,
        -0.15660610277134976,
        0.025342923492513884
      ],
      "qe": [
        0.03782794406131248,
        0.04681965497497012,
        0.022343634099611927,
        0.014469251084371191
      ],
      "model_uncertainty_multiplier": 2
    },
    "quadratic": {
      "qc": [
        0.6910045457131367,
        0.036833544113682115
      ],
      "qe": [
        0.003173644736715613,
        0.006772960205140219
      ],
      "model_uncertainty_multiplier": 2
    },
    "triangular quadratic": {
      "qc": [
        0.5297065336352367,
        0.47469981797944194
      ],
      "qe": [
        0.007425606394678898,
        0.004759451245661883
      ],
      "model_uncertainty_multiplier": 2
    },
    "Power-2": {
      "qc": [
        0.7391296944133986,
        0.9380633570285462
      ],
      "qe": [
        0.006579258438595702,
        0.010367248872575325
      ],
      "model_uncertainty_multiplier": 2
    },
    "Power-2 MP": {
      "qc": [
        0.6466429793570108,
        0.38575764400069285
      ],
      "qe": [
        0.001029250003167063,
        0.006411487629516915
      ],
      "model_uncertainty_multiplier": 2
    }
  },
  "TESS": {
    "nonlinear": {
      "qc": [
        -0.028583892428571615,
        0.9163285979812641,
        -0.25305173151553717,
        0.019598400682202866
      ],
      "qe": [
        0.017348809409827394,
        0.024610340717455305,
        0.03206551295220285,
        0.015718340762968918
      ],
      "model_uncertainty_multiplier": 2
    },
    "quadratic": {
      "qc": [
        0.5601032617515707,
        0.08730670641544944
      ],
      "qe": [
        0.00254073459485757,
        0.006090389560799477
      ],
      "model_uncertainty_multiplier": 2
    },
    "triangular quadratic": {
      "qc": [
        0.4190669743362473,
        0.4326282071504548
      ],
      "qe": [
        0.006078412032063374,
        0.004419984459031216
      ],
      "model_uncertainty_multiplier": 2
    },
    "Power-2": {
      "qc": [
        0.6872133532146156,
        0.8225173220796104
      ],
      "qe": [
        0.00808828847432574,
        0.011391447545126996
      ],
      "model_uncertainty_multiplier": 2
    },
    "Power-2 MP": {
      "qc": [
        0.701378568382519,
        0.3885361711798033
      ],
      "qe": [
        0.0009309349288564041,
        0.007778257551420936
      ],
      "model_uncertainty_multiplier": 2
    }
  }
}